<?xml version="1.0" encoding="UTF-8" standalone="yes"?>
<addon id="plugin.video.ntv"
    name="N多TV"
    version="1.0.0"
    provider-name="nfa">
    <extension
        point="xbmc.python.pluginsource"
        library="addon.py">
        <provides>video</provides>
    </extension>
    <extension point="xbmc.addon.metadata">
        <summary lang="en">tv broadcast video plugin</summary>
        <summary lang="zh">电视直播插件</summary>
        <description lang="en">online tv addon,support custom playlist and refresh playlist via internet</description>
        <description lang="zh">电视直播插件，支持自定义播放列表播放，网络播放源更新。</description>
        <platform>all</platform>
    </extension>
</addon>
